#blisters photographiés par un collectionneur, absents des catalogues JB (code, nom, catégorie, lien, photo, prix)
ALB-BF-DEAL-STEALER	BF Deal Stealer	Photo de collectionneur			
ALB-BLACK-FRIDAY-DUDE	Black Friday Dude (JB's Black Friday 2021)	Photo de collectionneur			
ALB-BLACK-KRRSANTAN	Black Krrsantan	Photo de collectionneur			
ALB-CHROME-BLUE-SOLDIER	Chrome Blue Soldier	Photo de collectionneur			
ALB-CHROME-GOLDEN-ANTAGONIST	Chrome Golden Antagonist	Photo de collectionneur			
ALB-CHROME-GOLDEN-PROTOCOL-DROID	Chrome Golden Protocol Droid	Photo de collectionneur			
ALB-CHROME-GOLDEN-SPIDER-DUDE	Chrome Golden Spider Dude	Photo de collectionneur			
ALB-CHROME-RED-GOLD-ARMORED-HERO	Chrome Red & Gold Armored Hero (Pad Printed)	Photo de collectionneur			
ALB-CHROME-SILVER-CHROMIE-V2	Chrome Silver Chromie V2	Photo de collectionneur			
ALB-DAD-WITH-POOL	Dad with Pool	Photo de collectionneur			
ALB-DARTH-DONUT	Darth Donut	Photo de collectionneur			
ALB-DIAMOND-REWARD-FIGURE	Diamond Reward Figure (Advanced Figure Pad Printed)	Photo de collectionneur			
ALB-DONUT-COMMUNITY-DAY-2025	Donut Community Day 2025 (« May the force of the donut »)	Photo de collectionneur			
ALB-DONUT-LOVING-SANTA	Donut Loving Santa	Photo de collectionneur			
ALB-DROID-WITH-HOLOGRAM	Droid with Hologram	Photo de collectionneur			
ALB-EASTER-DP	Easter DP	Photo de collectionneur			
ALB-EASTER-WOLF	Easter Wolf (Easter Egg Hunt)	Photo de collectionneur			
ALB-EMBODIED-AI	Embodied AI	Photo de collectionneur			
ALB-EVIL-SORCERER	Evil Sorcerer (Army Builder)	Photo de collectionneur			
ALB-FLASH-FRIDAY-DUDE	Flash Friday Dude	Photo de collectionneur			
ALB-GALAXY-TROTTER-WITH-BACKPRINT	Galaxy Trotter with Backprint (R2 chromé)	Photo de collectionneur			
ALB-GOLD-REWARD-FIGURE	Gold Reward Figure (Advanced Figure Pad Printed)	Photo de collectionneur			
ALB-GOLDEN-C-3PO	Golden C-3PO (« Golden Chrome »)	Photo de collectionneur			
ALB-GOLDEN-GENTLEMAN	Golden Gentleman	Photo de collectionneur			
ALB-HONEY-HUNTER	Honey Hunter	Photo de collectionneur			
ALB-INVENTOR-OF-DEATH	Inventor of Death	Photo de collectionneur			
ALB-JUNKYARD-FATTY	Junkyard Fatty	Photo de collectionneur			
ALB-LORD-OF-THE-WHITE-CITY	Lord of the White City	Photo de collectionneur			
ALB-MEDIEVAL-FARM-BOY	Medieval Farm Boy	Photo de collectionneur			
ALB-MOON-KNIGHT	Moon Knight	Photo de collectionneur			
ALB-MOUSE-IN-DISGUISE	Mouse in Disguise	Photo de collectionneur			
ALB-PACK-DP-SQUELETTE-CHROME	Pack DP + squelette chromé	Photo de collectionneur			
ALB-PARTY-DP	Party DP (+ Buccaneer Dark Lord)	Photo de collectionneur			
ALB-PLATINUM-REWARD-FIGURE	Platinum Reward Figure (Advanced Figure Pad Printed)	Photo de collectionneur			
ALB-REBEL-BY-DESIGN	Rebel by Design (Halloween Edition)	Photo de collectionneur			
ALB-REVERSE-FLASH-FRIDAY-DUDE	Reverse Flash Friday Dude (Black Friday 2024)	Photo de collectionneur			
ALB-SAPPHIRE-SIREN	Sapphire Siren	Photo de collectionneur			
ALB-SEPARATIST-LEADER	Separatist Leader	Photo de collectionneur			
ALB-SHINY-DARK-LORD	Shiny Dark Lord	Photo de collectionneur			
ALB-SHINY-FIRST-TRY-SUPERHERO	Shiny « First Try » Superhero	Photo de collectionneur			
ALB-SHINY-SILENT-SURFER	Shiny Silent Surfer	Photo de collectionneur			
ALB-SPECIAL-WHATNOT-FIGURE-2025	Special Whatnot Figure 2025 (droïde argent)	Photo de collectionneur			
ALB-SPECIAL-WHATNOT-STREAM-2025	Special Whatnot Stream 2025 (May the 4th)	Photo de collectionneur			
ALB-STILL-HERE-DP	Still Here DP	Photo de collectionneur			
ALB-SUMMER-IN-SPACE-2025	Summer in Space 2025	Photo de collectionneur			
ALB-SUMMER-IN-SPACE-2025-VOL-2	Summer in Space 2025 Vol. 2	Photo de collectionneur			
ALB-THE-DIRECTOR-OF-THE-FORCE	The Director of the Force	Photo de collectionneur			
ALB-THE-LUNAR-REAPER	The Lunar Reaper	Photo de collectionneur			
ALB-THE-MASKED-LORD-II	The Masked Lord II	Photo de collectionneur			
ALB-THE-SCARLET-MENACE	The Scarlet Menace	Photo de collectionneur			
ALB-THE-WHITE-WIZARD	The White Wizard	Photo de collectionneur			
ALB-THE-WHITE-WOLF	The White Wolf	Photo de collectionneur			
ALB-THIS-IS-THE-MILKY-WAY-BOUNTY-HUNTER	« This is the Milky Way » Bounty Hunter	Photo de collectionneur			
ALB-TREATS-FOR-THE-EMPEROR	Treats for the Emperor	Photo de collectionneur			
ALB-VEGAN-BBQ-LUKE	Vegan BBQ Luke	Photo de collectionneur			
ALB-WORLD-RECORD-CLONE-BLEU	World Record Clone bleu	Photo de collectionneur			
ALB-WORLD-RECORD-CLONE-FRAMBOISE	World Record Clone framboise	Photo de collectionneur			
ALB-WORLD-RECORD-CLONE-JAUNE	World Record Clone jaune	Photo de collectionneur			
ALB-WORLD-RECORD-CLONE-ORANGE	World Record Clone orange	Photo de collectionneur			
ALB-WORLD-RECORD-CLONE-ROSE	World Record Clone rose	Photo de collectionneur			
ALB-WORLD-RECORD-CLONE-ROUGE	World Record Clone rouge	Photo de collectionneur			
ALB-WRECKER-FAN	Wrecker Fan (The Bad Batch, Clone Force 99 Fan Figure)	Photo de collectionneur			
ALB-YOUNG-EMPEROR	Young Emperor	Photo de collectionneur			
