code	nom	categorie	lien	image	prix	dispo	rattache
BC-MUNWR3B4BY63	BLACK FRIDAY DUDE (JB'S BLACK FRIDAY 2021)	Base commune					ALB-BLACK-FRIDAY-DUDE
BC-MUNWR3UKAOP7	BLACK KRRSANTAN	Base commune					ALB-BLACK-KRRSANTAN
BC-MUNWR4ELITWS	BUCCANEER DARK LORD	Base commune					JB-648673983
BC-MUNWR6M99JYY	CHROME GOLDEN ANTAGONIST	Base commune					ALB-CHROME-GOLDEN-ANTAGONIST
BC-MUNWR6XGAAJA	CHROME GOLDEN MEMBER OF THE GUARDIANS	Base commune					JB-648662998
BC-MUNWR7AAU5P0	CHROME GOLDEN PROTOCOL DROID	Base commune					ALB-CHROME-GOLDEN-PROTOCOL-DROID
BC-MUNWR7NQW5KW	CHROME GOLDEN SPIDER DUDE	Base commune					ALB-CHROME-GOLDEN-SPIDER-DUDE
BC-MUNWR8F68PHW	CHROME GREEN GOD OF MISCHIEF	Base commune					JB-648663000
BC-MUNWR8QDT8O8	CHROME RED & GOLD ARMORED HERO (PAD PRINTED)	Base commune					ALB-CHROME-RED-GOLD-ARMORED-HERO
BC-MUNWR98OS4RH	CHROME SILVER ARMORED HERO	Base commune					JB-648660340
BC-MUNWRAJAMG6Y	CHROME WARRIORESS	Base commune					JB-648658189
BC-MUNWRAWMBVAL	CHROMED DP	Base commune					JB-648663325
BC-MUNWRB8ZQNU6	COSMIC DELIVERY DUDE	Base commune					JB-648673122
BC-MUNWRBKE4Y49	DAD WITH POOL	Base commune					ALB-DAD-WITH-POOL
BC-MUNWRBVKWHVX	DARK ELF WITH HIS ANIMAL COMPANION	Base commune					JB-648663161
BC-MUNWRCKSS7LW	DARTH BOB	Base commune					JB-648664638
BC-MUNWRDBSIYSV	DESERT RAIDER	Base commune					JB-648665100
BC-MUNWRDZAVFVX	DIAMOND REWARD FIGURE (ADVANCED FIGURE PAD PRINTED)	Base commune					ALB-DIAMOND-REWARD-FIGURE
BC-MUNWRELH0WTX	DONUT COMMUNITY DAY 2025 (« MAY THE FORCE OF THE DONUT »)	Base commune					ALB-DONUT-COMMUNITY-DAY-2025
BC-MUNWRGAF9WV5	DONUT UGLY SWEATER	Base commune					JB-648666179
BC-MUNWRHMTVWAZ	EASTER DP	Base commune					ALB-EASTER-DP
BC-MUNWRHZW34MY	EASTER WOLF (EASTER EGG HUNT)	Base commune					ALB-EASTER-WOLF
BC-MUNWRICF54IR	EMBODIED AI	Base commune					ALB-EMBODIED-AI
BC-MUNWRINMQTK5	EMPEROR THE WHITE	Base commune					JB-648663320
BC-MUNWRIY9NSW3	EVIL SORCERER (ARMY BUILDER)	Base commune					ALB-EVIL-SORCERER
BC-MUNWRJACPQ92	FAN IN DISGUISE (COSPLAY CONTEST)	Base commune					JB-648665101
BC-MUNWRJQ2VL3R	FLASH FRIDAY DUDE	Base commune					ALB-FLASH-FRIDAY-DUDE
BC-MUNWRKCD293M	FRENCH FOOTBALL IN SPACE	Base commune					JB-648663022
BC-MUNWRKO4WQ3W	GALAXY TROTTER WITH BACKPRINT (R2 CHROMÉ)	Base commune					ALB-GALAXY-TROTTER-WITH-BACKPRINT
BC-MUNWRL2LJKOS	GOLD REWARD FIGURE (ADVANCED FIGURE PAD PRINTED)	Base commune					ALB-GOLD-REWARD-FIGURE
BC-MUNWRLPDVAEE	GOLDEN C-3PO (« GOLDEN CHROME »)	Base commune					ALB-GOLDEN-C-3PO
BC-MUNWRM0H5SXK	GOLDEN GENTLEMAN	Base commune					ALB-GOLDEN-GENTLEMAN
BC-MUNWRME6ZWRK	HONEY HUNTER	Base commune					ALB-HONEY-HUNTER
BC-MUNWRMT988RU	HORROR CLOWN	Base commune					JB-648665158
BC-MUNWRN3T77MV	HORROR PUPPET	Base commune					JB-648665159
BC-MUNWRO4H2V2Z	INVENTOR OF DEATH	Base commune					ALB-INVENTOR-OF-DEATH
BC-MUNWROZGRPX8	LEONARDO DA VINCI	Base commune					JB-648662471
BC-MUNWRPB3RTM2	LORD OF THE WHITE CITY	Base commune					ALB-LORD-OF-THE-WHITE-CITY
BC-MUNWRPMJHS22	LUCKY LUKE IN SPACE	Base commune					JB-648663272
BC-MUNWRQ85VP27	MEDIEVAL FARM BOY	Base commune					ALB-MEDIEVAL-FARM-BOY
BC-MUNWRQJE07MI	MOON KNIGHT	Base commune					ALB-MOON-KNIGHT
BC-MUNWRQUNPXSA	MOUSE IN DISGUISE	Base commune					ALB-MOUSE-IN-DISGUISE
BC-MUNWRR5XY6P8	PARTY DP (+ BUCCANEER DARK LORD)	Base commune					ALB-PARTY-DP
BC-MUNWRRH7ZSXQ	PHONE-STALKER	Base commune					JB-648665157
BC-MUNWRRTU2C2M	PLATINUM REWARD FIGURE (ADVANCED FIGURE PAD PRINTED)	Base commune					ALB-PLATINUM-REWARD-FIGURE
BC-MUNWRTA58FN4	REBEL BY DESIGN (HALLOWEEN EDITION)	Base commune					ALB-REBEL-BY-DESIGN
BC-MUNWRTOU1WEC	REVERSE FLASH FRIDAY DUDE (BLACK FRIDAY 2024)	Base commune					ALB-REVERSE-FLASH-FRIDAY-DUDE
BC-MUNWRUO5ARN8	SAMURAI FOOT SOLDIER	Base commune					JB-648665098
BC-MUNWRV3MGFYV	SAPPHIRE SIREN	Base commune					ALB-SAPPHIRE-SIREN
BC-MUNWRVQK55WZ	SHAPE-SHIFTING ASSASSIN	Base commune					JB-648664648
BC-MUNWRW4WLVRO	SHINY DARK LORD	Base commune					ALB-SHINY-DARK-LORD
BC-MUNWRWG636WP	SHINY SILENT SURFER	Base commune					ALB-SHINY-SILENT-SURFER
BC-MUNWRWR7ILVP	SHINY « FIRST TRY » SUPERHERO	Base commune					ALB-SHINY-FIRST-TRY-SUPERHERO
BC-MUNWRX5SXTH1	SITH TWI'LEK (NAR SHADDAA)	Base commune					JB-648664509
BC-MUNWRXGPKEEH	SPACE POLICE DROID	Base commune					JB-648662221
BC-MUNWRYBKNP2E	SPECIAL WHATNOT STREAM 2025 (MAY THE 4TH)	Base commune					ALB-SPECIAL-WHATNOT-STREAM-2025
BC-MUNWRYN0JY29	STAR SHAPED BUCCANEER	Base commune					JB-648665319
BC-MUNWRYZAFKCY	STARFISH TROOPER	Base commune					JB-648664676
BC-MUNWRZA6V10K	STILL HERE DP	Base commune					ALB-STILL-HERE-DP
BC-MUNWRZMACKV2	SUMMER IN SPACE 2025	Base commune					ALB-SUMMER-IN-SPACE-2025
BC-MUNWRZXI1AT6	SUMMER IN SPACE 2025 VOL. 2	Base commune					ALB-SUMMER-IN-SPACE-2025-VOL-2
BC-MUNWS0BQZOG0	SURFER FROM A GALAXY FAR FAR AWAY	Base commune					JB-648664818
BC-MUNWS0QNI2Y2	TEMPLE GUARD	Base commune					JB-648664505
BC-MUNWS15GIVQS	TEMPLE GUARD TRAINEE	Base commune					JB-648664673
BC-MUNWS1ZYU8KI	THE CHECKLIST CHOKER	Base commune					JB-648665075
BC-MUNWS2DQMTEZ	THE CURSED WRAITH	Base commune					JB-648665167
BC-MUNWS2P18B22	THE DARK DEVOTEE	Base commune					JB-648666159
BC-MUNWS314BXT2	THE DIRECTOR OF THE FORCE	Base commune					ALB-THE-DIRECTOR-OF-THE-FORCE
BC-MUNWS3COHOWE	THE DONUT HUNTER	Base commune					JB-648665104
BC-MUNWS3PNW7YK	THE GOLDEN DJ	Base commune					JB-648666178
BC-MUNWS49XC4HP	THE LUNAR REAPER	Base commune					ALB-THE-LUNAR-REAPER
BC-MUNWS5NIV038	THE REAL BOUNTY HUNTER	Base commune					JB-648664539
BC-MUNWS617X08W	THE RING ADDICT	Base commune					JB-648664287
BC-MUNWS6CIZ03Z	THE ROGUE INNOVATOR	Base commune					JB-648666169
BC-MUNWS6P73UTR	THE SCARLET MENACE	Base commune					ALB-THE-SCARLET-MENACE
BC-MUNWS71A8QIG	THE SERPENT ADVISOR	Base commune					JB-648666173
BC-MUNWS7D5MQQP	THE SILVER DJ	Base commune					JB-648666177
BC-MUNWS7RGUD8J	THE WHITE WIZARD	Base commune					ALB-THE-WHITE-WIZARD
BC-MUNWS82DEI6T	THE WHITE WOLF	Base commune					ALB-THE-WHITE-WOLF
BC-MUNWS8I0UF1Q	THE YELLOW CORSAIR	Base commune					JB-648665320
BC-MUNWS8T6CNCV	TREATS FOR THE EMPEROR	Base commune					ALB-TREATS-FOR-THE-EMPEROR
BC-MUNWS94GWJDU	VEGAN BBQ LUKE	Base commune					ALB-VEGAN-BBQ-LUKE
BC-MUNWS9GTX3BG	WHATNOT VANGUARD	Base commune					JB-648666246
BC-MUNWS9RXUSSC	WHATNOT WARDEN	Base commune					JB-648666245
BC-MUNWSA6PAMZV	WORLD RECORD CLONE BLEU	Base commune					ALB-WORLD-RECORD-CLONE-BLEU
BC-MUNWSAI3TZJ2	WORLD RECORD CLONE FRAMBOISE	Base commune					ALB-WORLD-RECORD-CLONE-FRAMBOISE
BC-MUNWSAVHNZRD	WORLD RECORD CLONE JAUNE	Base commune					ALB-WORLD-RECORD-CLONE-JAUNE
BC-MUNWSB6V65Y3	WORLD RECORD CLONE ORANGE	Base commune					ALB-WORLD-RECORD-CLONE-ORANGE
BC-MUNWSBIA52CJ	WORLD RECORD CLONE ROSE	Base commune					ALB-WORLD-RECORD-CLONE-ROSE
BC-MUNWSC3BSAZA	WORLD RECORD CLONE ROUGE	Base commune					ALB-WORLD-RECORD-CLONE-ROUGE
BC-MUNWSCEI005L	WRECKER FAN (THE BAD BATCH, CLONE FORCE 99 FAN FIGURE)	Base commune					ALB-WRECKER-FAN
BC-MUNWT8U648DP	ZOMBIE SPACEMAN	Base commune					JB-648665169
BC-MUNWT97SDAHF	« THIS IS THE MILKY WAY » BOUNTY HUNTER	Base commune					ALB-THIS-IS-THE-MILKY-WAY-BOUNTY-HUNTER
BC-MUOBBPLVUN19	CHROME COLLECTION – HARLEY QUINN chrome rose	Base commune					
BC-MUOBGLNAPNXI	DARTH DONUT	Base commune					ALB-DARTH-DONUT
BC-MUOBJORF0IRZ	DONUT SQUADRON LEADER	Base commune					JB-648666176
BC-MUOBL66TQJKR	JUNKYARD FATTY	Base commune					ALB-JUNKYARD-FATTY
BC-MUOBP3R38MAP	REBEL BY DESIGN (HALLOWEEN EDITION) – BART SIMPSON avec skate	Base commune					ALB-REBEL-BY-DESIGN
BC-MUOBR7Y2K822	TREATS FOR THE EMPEROR – BART SIMPSON avec citrouille	Base commune					ALB-TREATS-FOR-THE-EMPEROR
BC-MUOBUUY6UNN8	DONUT LOVING SANTA	Base commune					ALB-DONUT-LOVING-SANTA
BC-MUOBZ6XIMUOX	DONUT UGLY SWEATER – HOMER SIMPSON pull Noël	Base commune					JB-648666179
BC-MUOC5HDLQPPZ	DONUTS IN SPACE	Base commune					JB-648664508
BC-MUOCA37X3DKN	IMPERIAL DONUTS IN SPACE	Base commune					JB-648664674
BC-MUOCF3OV84G2	DONUT COMMUNITY DAY 2025 (« MAY THE FORCE OF THE DONUT ») – COMMUNITY DAY 2025	Base commune					ALB-DONUT-COMMUNITY-DAY-2025
BC-MUOGS7QITF79	SPECIAL WHATNOT FIGURE 2025 – DROÏDE ARGENT	Base commune					ALB-SPECIAL-WHATNOT-FIGURE-2025
BC-MUOGYZPK7BCH	CHROME PROTOCOL DROID SERIES – CHROME VIOLET	Base commune					EBAY-237061279269
BC-MUOH291YB2Q8	CHROME PROTOCOL DROID SERIES – CHROME ROUGE	Base commune					EBAY-237061279269
BC-MUOH56E615A1	CHROME GOLDEN PROTOCOL DROID – BRAS CHROME ROUGE	Base commune					EBAY-137701861827
BC-MUOH9AZZ816U	SPECIAL WHATNOT FIGURE 2025 – CHROME NOIR YEUX ROUGES	Base commune					
BC-MUOHFCDNVOHB	CHROME RED SILENT GUARD	Base commune					
BC-MUOHIBHT20S6	CHROME BLUE BIG BATTLE DROID	Base commune					JB-648662999
BC-MUOHLG0VB14Y	CHROME BLACK SHADOW GUARD	Base commune					
BC-MUOHO1713KHX	CHROME BLACK IMPERIAL LEADER	Base commune					JB-648663837
BC-MUOHV5PM8LVN	MULTICOLORED PROTOCOL DROID	Base commune					JB-648657393
BC-MUOHYLKYR2DI	CHROME BLUE SOLDIER	Base commune					EBAY-147069204965
BC-MUOI0YSDMH9A	CHROME BLACK TROOPER	Base commune					JB-648663066
BC-MUOI3RGCFTBT	CHROME BLACK SITH SOLDIER	Base commune					JB-648664636
BC-MUOI6GD51Z6I	GALAXY TROTTER WITH BACKPRINT	Base commune					ALB-GALAXY-TROTTER-WITH-BACKPRINT
BC-MUOI9ERR51TK	CHROME SILVER CHROMIE V2	Base commune					ALB-CHROME-SILVER-CHROMIE-V2
BC-MUOICCVA8P7P	CHROME SILVER IMPERIAL SCOUT	Base commune					JB-648663838
BC-MUOISETKOV5S	DARK INQUISITOR LUKE	Base commune					JB-648663321
BC-MUOIVIF1V2ZW	THE SHADOW MERCHANT	Base commune					EBAY-206108499305
BC-MUOIZ0HCZZJG	THE MASKED LORD I	Base commune					JB-648663060
BC-MUOJ1MK1XH8Z	THE MASKED LORD II	Base commune					ALB-THE-MASKED-LORD-II
BC-MUOJ4MYMCQ18	EVIL COUNT	Base commune					EBAY-198561023197
BC-MUOJ6XC32I5E	EVIL COUNT - FALL OF THE CHOSEN ONE	Base commune					JB-648664635
BC-MUOJA724RI2E	THE BRUTAL LORD	Base commune					JB-648663063
BC-MUOJD3Q928FK	FAN IN DISGUISE	Base commune					JB-648665101
BC-MUOJHVXBRN5W	WESTERN STYLE BOUNTY HUNTER	Base commune					
BC-MUOJKYZLDHW5	EVIL SENATOR	Base commune					EBAY-198561018741
BC-MUOJOU0H7LXI	DARTH JEDI BOB	Base commune					
BC-MUOJU6RCVDGA	CHROME DARK GALAXY TROTTER	Base commune					
BC-MUOJWNUAJH4B	CROW-MASKED INQUISITOR	Base commune					JB-648673047
BC-MUOJZHFKBJ7N	YOUNG HAIRY FORCE MASTER	Base commune					EBAY-198561564580
BC-MUOK20LCVSDL	THE EMERALD REAPER	Base commune					EBAY-137701746572
BC-MUOKADYOSAGI	ELITE CHROME DARK LORD	Base commune					JB-648665170
BC-MUOKCHG3S6JG	BATTLE DAMAGED DARK LORD	Base commune					JB-648664282
BC-MUOKEW6WA4AT	SILVER TEMPEST	Base commune					JB-648665039
BC-MUOKGYP87NSC	THE DARK SPACE OVERLORD	Base commune					JB-648664702
BC-MUOKJPH8ALKH	DARK LORD OF LOVE	Base commune					JB-648670823
BC-MUOKO5UX8AU2	CHECKLIST CHOKER	Base commune					JB-648665075
BC-MUOKR621CL4I	FROSTBOUND ENFORCER	Base commune					JB-648670824
BC-MUOKTI42XTAG	CHROME DARK LORD TYPE-2	Base commune					JB-648663327
BC-MUOKYRP7596Q	SPECIAL WHATNOT FIGURE 2025 – DARK VADOR CHROME ORANGE	Base commune					
BC-MUOL2RGZZ2GN	THE EMERALD APPRENTICE	Base commune					JB-648673129
BC-MUOL5ECY6JMZ	FESTIVE TROOPER	Base commune					JB-648666203
BC-MUOL7ZHHIBY2	HOLIDAY SHADOW	Base commune					JB-648666201
BC-MUOL9RLLRLBO	SITH TWI'LEK	Base commune					JB-648664509
BC-MUOLCJKGAL08	FESTIVE SCOUNDREL	Base commune					JB-648666200
BC-MUOLENS4G9CZ	CHROME METALLIC ARMORED BABYSITTER	Base commune					JB-648658659
BC-MUOLHUVVUWKX	THE DARK DRAGON LORD	Base commune					
BC-MUOLK7MHT27V	SEPARATIST LEADER	Base commune					EBAY-137516429187
BC-MUOLOK9U9X01	SAMURAI DARK LORD	Base commune					JB-648665099
BC-MUOLZA2ZA4ZW	DROID WITH HOLOGRAM	Base commune					BSC-10716830400705
BC-MUOM1QAIVLAH	RACING FAN BOY	Base commune					JB-648663270
BC-MUOM4A0PL6MZ	FATHERLESS FORCE WIELDER	Base commune					JB-648665102
BC-MUOM87GLX9VE	DIRECTOR OF THE FORCE	Base commune					BSC-10716830433473
BC-MUOMAUG3MDIE	PRE CYBORG WARLORD	Base commune					JB-648665097
BC-MUOMCKTH61AW	BF DEAL STEALER	Base commune					ALB-BF-DEAL-STEALER
BC-MUOME2DK3WUQ	YOUNG EMPEROR	Base commune					BSC-10834163630273
BC-MUQSICF56EOZ	THE MOTHER	Base commune					JB-648662219
BC-MUQT3DT8FXOD	THE BUG EYED SCEPTIC	Base commune					JB-648673128
BC-MUR5KG0R6GME	PARTY DARK LORD	Base commune					
BC-MUR5NE25EQXB	FUGITIVE PADAWAN	Base commune					JB-648665040
BC-MURBW3TM4Y6R	WHATNIGHT TROOPER	Base commune					EBAY-128098019204
BC-MURBY6MP4A7I	WRINKLE-FREE EMPEROR THE WHITE	Base commune					EBAY-236810401756
BC-MURC0DM698Y7	STAR CORP SOLDIER	Base commune					JB-648663131
BC-MURC1Y0E759O	THE PASTEL TROOPER	Base commune					JB-648673050
BC-MURCUQ90BJ8H	THE AMETHYST DESPOT	Base commune					JB-648673125
BC-MURD82Z5F65T	ARACHNID AGENT	Base commune					JB-648666163
BC-MURDACS85GPO	CHROME VOYAGER	Base commune					JB-648665164
BC-MURDC885WNBM	CHROME GOLDEN MEMBER OFTHE GUARDIANS	Base commune					
BC-MURDDIYPN6C8	THE EMERALD MARKSMAN	Base commune					
BC-MURDEH0VTQN7	THE CRIMSON MARKSMAN	Base commune					JB-648666164
BC-MURERJ5DJ5XH	THE STORYSMITH – BRICKS OF MAZE	Base commune					
BC-MUREVIU7H3UH	EASTER WOLF	Base commune					ALB-EASTER-WOLF
BC-MUREXZYBJR0U	VERDANT BUNNY QUEEN	Base commune					JB-648671114
BC-MURGMX8A57DE	X-MAS DP	Base commune					
BC-MURGQ2KFBEG4	SANTA DP	Base commune					JB-648666202
BC-MURGRJGKRCSY	FROSTBITTEN MERC	Base commune					JB-648666205
BC-MURGT5BN6YBR	DARK SIDE MERCENARY	Base commune					JB-648673124
BC-MURGVZKDH55D	PUMPKINPOOL	Base commune					JB-648665168
BC-MURGXGB67X6Q	THE UNDEAD MERC	Base commune					EBAY-236876414297
BC-MURGYNI6MD58	THE CRIMSON SHERIFF	Base commune					EBAY-358441342159
BC-MURH1S2T9DF5	JUST TRICK DUDE – HALLOWEEN COLLECTION 2024	Base commune					JB-648663395
BC-MURH2TMUHH6B	THE FEMALE CRIMSON ANARCHIST	Base commune					JB-648665142
BC-MURH4A7ODF5Z	PYROMANIAC DP	Base commune					JB-648666207
BC-MURH7FS47QXN	VALENTINE DP	Base commune					JB-648664260
BC-MURH8AVIQW72	BUNNY MERC	Base commune					JB-648671113
BC-MURH9UIOE0PX	RYAN ON SET	Base commune					
BC-MURHFNDB1T6A	CUTIE POOL	Base commune					JB-648671109
BC-MURHIZBSXA7W	LOVESICK TRICKSTER	Base commune					EBAY-318924160969
BC-MUS3GEATGUK5	HERO AND HIS NOT-SO-ALIVE SIDEKICK	Base commune					
BC-MUS3HFYZ2YSS	PARTY DARK KNIGHT	Base commune					
BC-MUS3INLA8SHH	SHADOWED WEBSLINGER	Base commune					JB-648665421
BC-MUS3KGMGXR1O	BAT LORD OF THE DARK SIDE	Base commune					JB-648673123
BC-MUS3LXARKBC9	FALLEN GOD	Base commune					JB-648668793
BC-MUS3MZZCUSJR	LONE STRIDER	Base commune					JB-648666175
BC-MUS3QFGM1AUC	THE IRON SOVEREIGN	Base commune					JB-648665143
BC-MUS4SQSQZXUF	SPECIAL WHATNOT FIGURE 2025 – BUNNY EASTER DP	Base commune					EBAY-318924064713
BC-MUS5H5OT0157	CHROME RED REVAGER	Base commune					JB-648666167
BC-MUS5J56IOEZ1	THE CHROME BLACK SYMBIOTE	Base commune					JB-648666166
BC-MUS5K1USD1W6	THE CHROME RED WEBSLINGER	Base commune					JB-648666165
BC-MUS5LDDGY4CH	PARTY DP	Base commune					ALB-PARTY-DP
BC-MUS5N6HLJSQH	CHROME PARASITE	Base commune					JB-648666168
BC-MUS72DOXO2IA	THE GOLDEN DJ – GET LUCKY	Base commune					
BC-MUS747KC57RC	THE SILVER DJ – ONE MORE TIME	Base commune					
BC-MUS75WB4AUO3	BLACK FRIDAY DUDE	Base commune					EBAY-168573011276
BC-MUS7BST3IQ98	MCM COMIC CON LONDON 2025 – SPECIAL WHATNOT STREAM 2025	Base commune					
BC-MUS7DPOS9QCJ	SPECIAL WHATNOT STREAM 2025 – MAY THE 4TH BE WITH YOU	Base commune					ALB-SPECIAL-WHATNOT-STREAM-2025
BC-MUS7GABXLZDN	SPECIAL WHATNOT FIGURE 2025 – LET'S GO	Base commune					EBAY-318924064713
BC-MUS83BIP70MX	GOLDEN GENTLEMAN – 7 PIECES	Base commune					EBAY-168573010550
BC-MUS8H8L8RWUI	WRECKER FAN – THE BAD BATCH - CLONE FORCE 99	Base commune					EBAY-168573012189
BC-MUS9FGOGL7UH	MOUSE IN DISGUISE – "OH BOY !"	Base commune					ALB-MOUSE-IN-DISGUISE
BC-MUS9H538Z85O	PHONE STALKER – HALLOWEEN 2025	Base commune					JB-648665157
BC-MUS9IWPM5RUP	HORROR PUPPET – HALLOWEEN 2025	Base commune					JB-648665159
BC-MUS9K5B4DPY6	ZOMBIE SPACEMAN – HALLOWEEN 2025	Base commune					JB-648665169
BC-MUS9LLY40YCV	THE CURSED WRAITH – HALLOWEEN 2025	Base commune					JB-648665167
BC-MUS9MYT5B7I7	HORROR CLOWN – HALLOWEEN 2025	Base commune					JB-648665158
BC-MUS9OEDSBIGX	YELLOW CORSAIR	Base commune					JB-648665320
BC-MUSAKXIOISVV	EVIL SORCERER – ARMY BUILDER MINIFIG	Base commune					ALB-EVIL-SORCERER
BC-MUSB5U14PGSK	SILVER SENTINEL	Base commune					JB-648665103
BC-MUSDMEBGANPR	THE CURSED CAPTAIN	Base commune					JB-648665318
BC-MUSE8RQPPVP3	CHROME PROTOCOL DROID SERIES – CHROME ROSE	Base commune					
BC-MUSE9PIKIMME	CHROME PROTOCOL DROID SERIES – CHROME ORANGE	Base commune					EBAY-237061279269
BC-MUSEAWENTU4Q	SAND CASTLE DARK LORD	Base commune					JB-648674192
BC-MUSEC9SF29DK	WORLD CUP HERO – ALLEMAGNE	Base commune					
BC-MUSEDT9SO3JL	MECHANICAL VENGEANCE	Base commune					JB-648673798
BC-MUSEEXTIARPV	UNICORN SLAYING ORC	Base commune					JB-648673833
BC-MUSEFXFH638Z	THE MERCENARY BLOSSOM	Base commune					JB-648673799
BC-MUSJLR67BKV9	UNKNOWN INQUISITOR	Base commune					JB-648662439
BC-MUSJV3DBIK6O	GOLDEN C-3PO	Base commune					ALB-GOLDEN-C-3PO
BC-MUSKJNG747O0	THE MONSTER KEEPER – SIGNED BY PAUL BROOKE	Base commune					JB-648663003
BC-MUSTX14Q356R	GALAXY TROTTER	Base commune					EBAY-127929336246
BC-MUSTZG0BZQYQ	INQUISITOR "Z"	Base commune					JB-648663322
BC-MUSY2DKAYP6V	CHROME LEADER V3	Base commune					
BC-MUTJ8GIUCZEI	SAPHIRE SIREN	Base commune					EBAY-147106553939
BC-MUTOLG3RE1WL	SPECIAL WHATNOT STREAM 2025 (MAY THE 4TH) – MAY THE 4TH BE WITH YOU	Base commune					
BC-MUTOWWAS4PY4	SPECIAL WHATNOT FIGURE 2025 – 25 YEARS OF GALAXY FUN	Base commune					EBAY-318924064713
BC-MUTP6X2TQ7RW	FORTUNE TELLER WITCH	Base commune					JB-648663393
BC-MUTTCUHCZL15	DIAMOND REWARD FIGURE (ADVANCED FIGURE PAD PRINTED) – ADVANCED FIGURE PAD PRINTED	Base commune					
BC-MUTTH6I9XT1U	PLATINUM REWARD FIGURE (ADVANCED FIGURE PAD PRINTED) – ADVANCED FIGURE PAD PRINTED	Base commune					
BC-MUTV1PNOY61N	EVIL SORCERER (ARMY BUILDER) – ARMY BUILDER MINIFIG	Base commune					
BC-MUZZOL4FMD3R	THE WHITE MAGISTER	Base commune					JB-648666174
