#Éléments écartés de la base des blisters JB (vérification des images du 01/10/2026) : code, action, raison
#retirer = pas une figurine en blister (accessoire, boîte, diorama, pack) ; sans_image = figurine gardée, image fausse
JB-648663427	retirer	brique imprimée LEGOLAND Community Day, pas un blister
JB-648663341	retirer	bannière (accessoire), pas un blister
JB-648663336	retirer	drapeau (accessoire), pas un blister
JB-648663340	retirer	bannière (accessoire), pas un blister
JB-648664223	retirer	SigFigs : diorama à deux figurines, pas un blister
JB-648663823	retirer	scène à deux figurines, pas un blister
JB-648663133	retirer	Battlepack de droïdes, pas un blister
EBAY-278083874493	retirer	diorama « Autumn », pas un blister
EBAY-364498137059	retirer	ticket de cinéma (tuile imprimée), pas un blister
EBAY-277846095267	retirer	boîte « Collection Summer », pas un blister
EBAY-235996473742	retirer	Jubiläumsbox (boîte anniversaire), pas un blister
EBAY-356682727272	retirer	boîte « Kevin », pas un blister
EBAY-287371138577	retirer	tuile imprimée « May the 4th », pas un blister
EBAY-257125081362	sans_image	image = boîte « 12 Jahre », pas le blister Birthday Girl
EBAY-235711571166	sans_image	image = lot de six blisters différents
BSC-10736563880129	sans_image	image = figurine seule, sans blister
